{"acc": [0.13541666666666666, 0.23350694444444445, 0.2569444444444444, 0.2734375, 0.296875, 0.3220486111111111, 0.3376736111111111, 0.3454861111111111, 0.3654513888888889, 0.4444444444444444, 0.4696180555555556, 0.5034722222222222, 0.5138888888888888, 0.5121527777777778, 0.5416666666666666, 0.5477430555555556, 0.5807291666666666, 0.5668402777777778, 0.5772569444444444, 0.5902777777777778], "loss": [13.70692554447386, 12.249190095812082, 11.843494544012678, 11.575318690389395, 11.217202944888008, 10.776735165052944, 10.53387166849441, 10.37168334134751, 10.042548889501226, 8.833903924859623, 8.425967916949755, 7.90757962529824, 7.714383330167645, 7.713411279909574, 7.256930762066784, 7.2447702496623, 6.645626008855105, 6.858497110119869, 6.683352719023408, 6.521122627529621], "val_acc": [0.25, 0.2986111111111111, 0.2708333333333333, 0.2986111111111111, 0.3611111111111111, 0.3402777777777778, 0.4236111111111111, 0.3680555555555556, 0.4861111111111111, 0.4444444444444444, 0.5347222222222222, 0.5694444444444444, 0.5694444444444444, 0.5625, 0.5763888888888888, 0.5625, 0.5972222222222222, 0.6041666666666666, 0.6319444444444444, 0.6388888888888888], "val_loss": [11.82431862800796, 11.124898876466128, 11.417517149613964, 10.99202747642994, 10.297707232945008, 10.596824527731062, 9.22555981766061, 10.02826851896194, 7.936694431429144, 8.690360293620163, 7.4373954062180525, 6.830102120569791, 6.82970861073429, 6.947044927212927, 6.690456256270409, 6.786402394490675, 6.419662281875694, 6.349004574947887, 5.800812949326706, 5.693433546357685]}