{"acc": [0.036458333333333336, 0.03993055555555555, 0.0390625, 0.035590277777777776, 0.041666666666666664, 0.03819444444444445, 0.04774305555555555, 0.03211805555555555, 0.034722222222222224, 0.03732638888888889, 0.03819444444444445, 0.044270833333333336, 0.030381944444444444, 0.035590277777777776, 0.04774305555555555, 0.043402777777777776, 0.03819444444444445, 0.046875, 0.03732638888888889, 0.036458333333333336], "loss": [3.110014867451456, 3.0437423802084393, 3.0429889236887298, 3.04238783982065, 3.0420983359217644, 3.041799154546526, 3.041365618507067, 3.041226401925087, 3.041094020836883, 3.040898317264186, 3.040878337290552, 3.0408193891247115, 3.040725486146079, 3.0407140445378094, 3.040748482777013, 3.040636233985424, 3.0407143665684595, 3.040673313041528, 3.0406699147489338, 3.0406668144795628], "val_acc": [0.04861111111111111, 0.04861111111111111, 0.04861111111111111, 0.04861111111111111, 0.04861111111111111, 0.04861111111111111, 0.04861111111111111, 0.04861111111111111, 0.04861111111111111, 0.04861111111111111, 0.04861111111111111, 0.04861111111111111, 0.04861111111111111, 0.04861111111111111, 0.04861111111111111, 0.04861111111111111, 0.04861111111111111, 0.04861111111111111, 0.04861111111111111, 0.04861111111111111], "val_loss": [3.0430521733231015, 3.0422131518522897, 3.0415119462543063, 3.0410072439246707, 3.0406445264816284, 3.0403272012869516, 3.0400994055800967, 3.0399526755015054, 3.039814829826355, 3.039683520793915, 3.039610425631205, 3.0395600663291082, 3.039525455898709, 3.039511157406701, 3.0394963920116425, 3.039481567011939, 3.0394664936595492, 3.0394709871874914, 3.039477209250132, 3.0394903355174594]}