{"acc": [0.09722222222222222, 0.23177083333333334, 0.3376736111111111, 0.3984375, 0.4670138888888889, 0.5208333333333334, 0.5373263888888888, 0.5946180555555556, 0.6076388888888888, 0.6380208333333334, 0.6493055555555556, 0.640625, 0.6710069444444444, 0.6866319444444444, 0.6961805555555556, 0.7161458333333334, 0.6970486111111112, 0.7074652777777778, 0.7282986111111112, 0.7482638888888888], "loss": [7.394615216387643, 2.4041382330987187, 2.0292740983164146, 1.8935319689723353, 1.641733106950091, 1.4421140818028815, 1.4096234043180529, 1.2323366373311728, 1.185838189706879, 1.087430238963053, 1.0506683828644252, 1.0387782732690942, 0.9909053704862143, 0.963695372802047, 0.9757047080371927, 0.8435310385852467, 0.8761982986460579, 0.9019400185827382, 0.866965178582177, 0.8131078064765865], "val_acc": [0.2777777777777778, 0.4583333333333333, 0.4027777777777778, 0.625, 0.7152777777777778, 0.6111111111111112, 0.6319444444444444, 0.6875, 0.7083333333333334, 0.7291666666666666, 0.7361111111111112, 0.7569444444444444, 0.6875, 0.7361111111111112, 0.7291666666666666, 0.7361111111111112, 0.7222222222222222, 0.75, 0.7847222222222222, 0.75], "val_loss": [2.311784181329939, 1.7757953777909279, 1.8398225346269708, 1.0694826437263854, 0.9184545087110665, 1.1304164905450307, 0.9934603696068128, 1.0075134804101253, 0.8693520852668573, 0.7638217939311289, 0.921775604458364, 0.8010632702072118, 0.7833803983578238, 1.0845151562472841, 0.9153789705484188, 0.8540074398357925, 0.8307544393073888, 0.9977791381053167, 0.8219844208908538, 0.953504319352861]}