{"acc": [0.2109375, 0.4262152777777778, 0.5295138888888888, 0.6328125, 0.7065972222222222, 0.7317708333333334, 0.7760416666666666, 0.7829861111111112, 0.8098958333333334, 0.7942708333333334, 0.8385416666666666, 0.8628472222222222, 0.8454861111111112, 0.8420138888888888, 0.8602430555555556, 0.8767361111111112, 0.8706597222222222, 0.8810763888888888, 0.8732638888888888, 0.8776041666666666], "loss": [5.339238008484244, 1.8313487963233557, 1.4851408150150545, 1.1528164068133466, 0.9394335860132641, 0.8136933058522118, 0.7655092003127114, 0.6840451877758116, 0.6066323736963599, 0.6877486866700148, 0.5245764213107438, 0.4583376997896064, 0.5115495878203993, 0.5409400052491864, 0.48348429051518216, 0.4404857882535467, 0.42764381523297146, 0.3979443682247946, 0.4121743899705, 0.42743247763842673], "val_acc": [0.4722222222222222, 0.625, 0.7291666666666666, 0.7291666666666666, 0.7708333333333334, 0.7708333333333334, 0.7708333333333334, 0.7708333333333334, 0.7847222222222222, 0.8194444444444444, 0.8194444444444444, 0.8055555555555556, 0.7847222222222222, 0.7847222222222222, 0.7986111111111112, 0.8194444444444444, 0.8194444444444444, 0.8194444444444444, 0.7847222222222222, 0.8194444444444444], "val_loss": [1.789832377469995, 1.2776547145201929, 0.859353455908907, 0.683162704212009, 0.7467392842332224, 0.8101292212664298, 0.7308653272872713, 0.8803162489736375, 1.060765501163789, 0.850753999745949, 0.6575953248985671, 0.8840662327865579, 0.8178732522319392, 1.1030742381071326, 0.829577082374802, 0.7876148753748377, 0.8273400711568245, 0.8948011491722327, 1.1432099989097, 1.021536371089066]}