{"acc": [0.0920138888888889, 0.18229166666666666, 0.21961805555555555, 0.2378472222222222, 0.2925347222222222, 0.328125, 0.3585069444444444, 0.3585069444444444, 0.4140625, 0.4184027777777778, 0.4704861111111111, 0.4583333333333333, 0.4661458333333333, 0.5130208333333334, 0.5277777777777778, 0.5390625, 0.5260416666666666, 0.5512152777777778, 0.5651041666666666, 0.5407986111111112], "loss": [14.336700563629469, 12.859454491072231, 12.296785753634241, 11.9376983282899, 11.199128660335205, 10.615247475811177, 10.019975941939009, 10.097768629797653, 9.291364862738797, 9.17758533967591, 8.36918201643387, 8.519983126347443, 8.410107075888138, 7.696979371261681, 7.442616309291562, 7.3303232035768024, 7.483115761458773, 7.133472134779917, 6.836411395893246, 7.166844307944432], "val_acc": [0.24305555555555555, 0.2847222222222222, 0.2986111111111111, 0.3541666666666667, 0.3680555555555556, 0.4027777777777778, 0.4305555555555556, 0.4444444444444444, 0.4722222222222222, 0.4652777777777778, 0.4791666666666667, 0.5138888888888888, 0.5416666666666666, 0.5625, 0.5277777777777778, 0.5555555555555556, 0.5555555555555556, 0.5555555555555556, 0.5763888888888888, 0.5625], "val_loss": [11.897842354555856, 11.126628303694027, 11.084882535868227, 10.171908831016886, 10.090442462497984, 9.49131183916408, 9.178371420890585, 8.882504145304361, 8.506812330558509, 8.383703870401304, 8.14347812757842, 7.642991438029437, 7.293450402718792, 6.8971589953747845, 7.611371980773078, 7.0273519228729935, 7.038698315853463, 6.886556115922657, 6.749642561707304, 6.8179585993776755]}